update,frames,FPS,duration,rreturn_mean,rreturn_std,rreturn_min,rreturn_max,average_reward_per_step,average_discounted_return,num_frames_mean,num_frames_std,num_frames_min,num_frames_max,entropy,value,policy_loss,value_loss,grad_norm,return_mean,return_std,return_min,return_max
1,8192,1792.7381846645003,4,-0.8061674008810573,0.5879530894663864,-1.0,1.0,-0.14613054083662017,-0.33461250310223795,17.431718061674008,14.69314497931147,1.0,76.0,1.6814652979373932,-0.9201890826225281,-0.18299958109855652,0.03476080880500376,0.17708582620963967,-0.8061674008810573,0.5879530894663864,-1.0,1.0
update,frames,FPS,duration,rreturn_mean,rreturn_std,rreturn_min,rreturn_max,average_reward_per_step,average_discounted_return,num_frames_mean,num_frames_std,num_frames_min,num_frames_max,entropy,value,policy_loss,value_loss,grad_norm,return_mean,return_std,return_min,return_max
2,16384,2090.0820270981562,8,-0.7555555555555555,0.6482645398139921,-1.0,1.0,-0.14636212332728607,-0.32101765648497554,18.34,15.350930482113018,1.0,76.0,1.661265179514885,-0.7526800110936165,-0.15712296962738037,0.03505371022038162,0.17118961251394682,-0.7555555555555555,0.6482645398139921,-1.0,1.0
update,frames,FPS,duration,rreturn_mean,rreturn_std,rreturn_min,rreturn_max,average_reward_per_step,average_discounted_return,num_frames_mean,num_frames_std,num_frames_min,num_frames_max,entropy,value,policy_loss,value_loss,grad_norm,return_mean,return_std,return_min,return_max
3,24576,2060.2688616172345,12,-0.7073732718894009,0.6986431971251811,-1.0,1.0,-0.14086315081944792,-0.2961875200710478,18.758064516129032,15.342750488985546,1.0,76.0,1.6482179760932922,-0.6420199871063232,-0.12505243439227343,0.036082827718928456,0.18802545062754594,-0.7073732718894009,0.6986431971251811,-1.0,1.0
update,frames,FPS,duration,rreturn_mean,rreturn_std,rreturn_min,rreturn_max,average_reward_per_step,average_discounted_return,num_frames_mean,num_frames_std,num_frames_min,num_frames_max,entropy,value,policy_loss,value_loss,grad_norm,return_mean,return_std,return_min,return_max
4,32768,1786.5341803871474,17,-0.6005025125628141,0.7980502299928727,-1.0,1.0,-0.11737019578904813,-0.2646242429631917,20.55778894472362,15.67157998517819,1.0,76.0,1.6645236909389496,-0.5562052726745605,-0.11340240575373173,0.04027132596820593,0.1648376540913918,-0.6005025125628141,0.7980502299928727,-1.0,1.0
update,frames,FPS,duration,rreturn_mean,rreturn_std,rreturn_min,rreturn_max,average_reward_per_step,average_discounted_return,num_frames_mean,num_frames_std,num_frames_min,num_frames_max,entropy,value,policy_loss,value_loss,grad_norm,return_mean,return_std,return_min,return_max
5,40960,1795.1477543241133,21,-0.3506849315068493,0.9320948989946487,-1.0,1.0,-0.06586512169180668,-0.16092371379814582,22.443835616438356,15.392944356846678,1.0,76.0,1.7120588421821594,-0.4405032657086849,-0.10667674709111452,0.052755518816411495,0.2987676175825523,-0.3506849315068493,0.9320948989946487,-1.0,1.0
6,49152,1833.3649764435352,26,-0.22279792746113988,0.9695351407857802,-1.0,1.0,-0.06874997530294158,-0.16599724143968192,21.354922279792746,15.136886255504937,1.0,76.0,1.7300064712762833,-0.34130530431866646,-0.08495267480611801,0.05652940599247813,0.21052172876377523,-0.22279792746113988,0.9695351407857802,-1.0,1.0
7,57344,1866.8011161990944,30,-0.06111111111111111,0.9981309694117129,-1.0,1.0,-0.05969383959394637,-0.12806194755873765,22.608333333333334,14.51835763209232,1.0,75.0,1.735397294163704,-0.2845109272748232,-0.08624106459319592,0.05588703602552414,0.19347068604139397,-0.06111111111111111,0.9981309694117129,-1.0,1.0
8,65536,1783.3566592555073,35,0.12568306010928962,0.9920704452817675,-1.0,1.0,-0.0276992890111137,-0.0693729755934709,22.30327868852459,13.168032999477871,1.0,75.0,1.745157614350319,-0.21713036857545376,-0.08071644138544798,0.05511357495561242,0.09105324685050412,0.12568306010928962,0.9920704452817675,-1.0,1.0
9,73728,1809.6819653548603,39,0.29608938547486036,0.9522313183414777,-1.0,1.0,-0.020154947902712574,-0.03752801900679684,23.379888268156424,13.442442498397066,1.0,76.0,1.7579619884490967,-0.1446632044389844,-0.07353210914880037,0.05159800313413143,0.1383397614876219,0.29608938547486036,0.9522313183414777,-1.0,1.0
10,81920,1787.7767156023106,44,0.2827763496143959,0.957844894547835,-1.0,1.0,-0.022944739885029822,-0.026014176998903623,20.97172236503856,12.767718063142114,1.0,76.0,1.7659769654273987,-0.07247125077992678,-0.05962117202579975,0.05099792359396815,0.11467471029339786,0.2827763496143959,0.957844894547835,-1.0,1.0
11,90112,1774.920144412239,48,0.41005291005291006,0.9106102944243699,-1.0,1.0,-0.005762114536185699,0.01674248660652137,21.49206349206349,12.36787058171808,1.0,76.0,1.7761299759149551,-0.04417551099322736,-0.06303820898756385,0.04760606354102492,0.13989021008473798,0.41005291005291006,0.9106102944243699,-1.0,1.0
12,98304,1747.8847492180878,53,0.5384615384615384,0.8426500884694863,-1.0,1.0,0.002233893908691317,0.03507511826590404,19.91346153846154,10.070053258704052,1.0,58.0,1.7837515771389008,0.004283436079276726,-0.07241836003959179,0.04751348262652755,0.21216332636693466,0.5384615384615384,0.8426500884694863,-1.0,1.0
13,106496,1808.8864470256779,58,0.5972222222222222,0.8020758176656061,-1.0,1.0,0.019568983286936955,0.07732540528274476,18.90509259259259,10.49857891577169,1.0,66.0,1.7831922322511673,0.020039456081576645,-0.08108013309538364,0.04497099481523037,0.14080511214025368,0.5972222222222222,0.8020758176656061,-1.0,1.0
14,114688,1807.0671044963444,62,0.6129032258064516,0.7901579815429606,-1.0,1.0,0.02266744670724649,0.09378466718629402,17.533333333333335,8.968011651135964,1.0,51.0,1.7657163441181183,0.06398733763489872,-0.07830179110169411,0.047794582322239876,0.2285837456771635,0.6129032258064516,0.7901579815429606,-1.0,1.0
15,122880,1786.9081442131142,67,0.6935817805383023,0.7203778964580454,-1.0,1.0,0.022319085269241933,0.10549974177380718,17.062111801242235,8.635491386268908,1.0,58.0,1.7543309777975082,0.0935543468222022,-0.08133063744753599,0.04370804550126195,0.21425147216973622,0.6935817805383023,0.7203778964580454,-1.0,1.0
16,131072,1755.8118462604348,71,0.8045977011494253,0.5938202920960686,-1.0,1.0,0.05136207023515054,0.18688816708337394,15.699233716475096,7.460467933600981,1.0,48.0,1.7238724082708359,0.18445047177374363,-0.08076982293277979,0.04020656179636717,0.17977129409618886,0.8045977011494253,0.5938202920960686,-1.0,1.0
17,139264,1788.1434759796275,76,0.8121546961325967,0.5834421561301254,-1.0,1.0,0.05341938098134321,0.19813108736754753,15.034990791896869,7.326172861300346,1.0,45.0,1.70299631357193,0.24174494668841362,-0.06356422370299697,0.03720283508300781,0.14613934756633712,0.8121546961325967,0.5834421561301254,-1.0,1.0
18,147456,1728.3235027730348,81,0.8049586776859504,0.5933308749914218,-1.0,1.0,0.05677803763905027,0.2227017569006527,13.644628099173554,6.651488995211923,1.0,41.0,1.661773905158043,0.29893602430820465,-0.054860432632267475,0.044129425659775734,0.16648024443300397,0.8049586776859504,0.5933308749914218,-1.0,1.0
19,155648,1778.425186708893,85,0.8662207357859532,0.49966152232730704,-1.0,1.0,0.0655616726779597,0.2449977525800227,13.647157190635452,5.992826002007839,1.0,38.0,1.6096599102020264,0.34309232234954834,-0.049478515051305294,0.03587315650656819,0.11335366324928971,0.8662207357859532,0.49966152232730704,-1.0,1.0
20,163840,1732.500508283014,90,0.8378378378378378,0.5459191858574095,-1.0,1.0,0.068337871344254,0.2516474798047956,13.090620031796503,6.270509706905811,1.0,42.0,1.5650966614484787,0.37299084663391113,-0.03862819587811828,0.038503360003232956,0.1721272802021143,0.8378378378378378,0.5459191858574095,-1.0,1.0
21,172032,1793.6243252389763,95,0.8761061946902655,0.482118175995619,-1.0,1.0,0.0766546182748128,0.2913313568880551,12.081120943952802,5.538619886570068,1.0,37.0,1.5180824846029282,0.40695806965231895,-0.0457230880856514,0.03163953498005867,0.1181268676650554,0.8761061946902655,0.482118175995619,-1.0,1.0
22,180224,1817.8132221841774,99,0.8620689655172413,0.5067909812654852,-1.0,1.0,0.07959533129609082,0.2958179205779422,11.783045977011493,5.414465504464457,1.0,39.0,1.4745586961507797,0.4268803596496582,-0.04020127793774009,0.03698072722181678,0.13340470186303605,0.8620689655172413,0.5067909812654852,-1.0,1.0
23,188416,1776.1819204601484,104,0.9170243204577968,0.39883128724927774,-1.0,1.0,0.08898001092790318,0.3213372846830337,11.713876967095851,4.926175363320392,2.0,41.0,1.4467275440692902,0.4449235126376152,-0.039647035766392946,0.02536171511746943,0.10339097038317199,0.9170243204577968,0.39883128724927774,-1.0,1.0
24,196608,1776.7469608656609,108,0.8763157894736842,0.4817371037392839,-1.0,1.0,0.09027131911537663,0.33332810146759434,10.839473684210526,4.735700885918201,1.0,28.0,1.4313863962888718,0.4871827960014343,-0.025063113076612353,0.03294711303897202,0.11262116055665687,0.8763157894736842,0.4817371037392839,-1.0,1.0
25,204800,1743.4707066783049,113,0.9060052219321149,0.42326650922526254,-1.0,1.0,0.09107089658130287,0.3452977271197976,10.651436031331592,4.563725377542565,1.0,31.0,1.4352169632911682,0.5059239417314529,-0.023543995339423418,0.025933538796380162,0.08022985345806283,0.9060052219321149,0.42326650922526254,-1.0,1.0
26,212992,1704.008257064001,118,0.9065420560747663,0.422115506192008,-1.0,1.0,0.10249334042417246,0.3829064019504281,9.58177570093458,4.084429589451292,1.0,30.0,1.4380056113004684,0.546657957136631,-0.024412578903138638,0.026176524115726352,0.0658404909353641,0.9065420560747663,0.422115506192008,-1.0,1.0
27,221184,1686.9966217586318,123,0.8956310679611651,0.44479769570304983,-1.0,1.0,0.09600522896087627,0.3653852991902182,9.941747572815533,4.179701858458436,1.0,33.0,1.4207814633846283,0.552792064845562,-0.01510556333232671,0.029834107030183077,0.1110227634778432,0.8956310679611651,0.44479769570304983,-1.0,1.0
28,229376,1669.4564050159288,128,0.9243604004449388,0.38152044517859374,-1.0,1.0,0.10726630897259941,0.4068582502835852,9.117908787541714,3.6964194665458563,1.0,33.0,1.3834746330976486,0.589157223701477,-0.011076155642513186,0.023408792447298765,0.08949636512978051,0.9243604004449388,0.38152044517859374,-1.0,1.0
29,237568,1705.0233699646533,133,0.9496166484118291,0.3134138175943819,-1.0,1.0,0.11950894436462303,0.43306369485971347,8.958378970427162,3.5878000656289184,1.0,25.0,1.3557409048080444,0.608151026070118,-0.00746243643516209,0.018760556704364717,0.1020023691497412,0.9496166484118291,0.3134138175943819,-1.0,1.0
30,245760,1718.1388018700852,137,0.9390756302521008,0.3437105768908191,-1.0,1.0,0.1181869245601782,0.43607989340534964,8.634453781512605,3.341046909210424,1.0,24.0,1.3287934958934784,0.6091101318597794,-0.013312714989297092,0.02111329697072506,0.09215614432242358,0.9390756302521008,0.3437105768908191,-1.0,1.0
31,253952,1671.1917934325068,142,0.967280163599182,0.25371063262610755,-1.0,1.0,0.12626173687447406,0.46015432270876044,8.38036809815951,3.0491044425066125,1.0,22.0,1.3080650120973587,0.6188681274652481,-0.0189827618887648,0.014793180162087083,0.07989095748498984,0.967280163599182,0.25371063262610755,-1.0,1.0
32,262144,1697.8864052965762,147,0.963531669865643,0.2675943219986657,-1.0,1.0,0.13502943136945084,0.48262299781965845,7.838771593090211,2.9226945780533895,1.0,20.0,1.2797957807779312,0.6435287296772003,-0.014663871610537171,0.015621048863977194,0.10967634469402529,0.963531669865643,0.2675943219986657,-1.0,1.0
33,270336,1683.3177273175986,152,0.9664804469273743,0.25674023001287277,-1.0,1.0,0.13769628205012693,0.49266597643961585,7.657355679702048,2.803945559108699,1.0,20.0,1.2595552057027817,0.6492304131388664,-0.019770191167481244,0.015546516049653292,0.10719680507473928,0.9664804469273743,0.25674023001287277,-1.0,1.0
34,278528,1688.8853133444338,157,0.9419795221843004,0.3356703439171194,-1.0,1.0,0.14053580992887857,0.5070566165359457,6.969283276450512,2.4258445976411234,1.0,22.0,1.2210643589496613,0.6459567546844482,-0.03242821083404124,0.021365689113736153,0.08131477325164033,0.9419795221843004,0.3356703439171194,-1.0,1.0
35,286720,1645.35195155503,162,0.959349593495935,0.2822204058164192,-1.0,1.0,0.15252614214103302,0.5346188895963717,6.684552845528455,2.186731329117488,1.0,19.0,1.1792127341032028,0.6648537740111351,-0.04131578793749213,0.018394572427496314,0.0812516776583739,0.959349593495935,0.2822204058164192,-1.0,1.0
36,294912,1653.055636859207,167,0.9637795275590552,0.2667002479527241,-1.0,1.0,0.16056930055945803,0.5513249038393122,6.44488188976378,2.094921067102184,1.0,16.0,1.1377477943897247,0.6794393658638,-0.04203111073002219,0.017949171364307404,0.07815299111039643,0.9637795275590552,0.2667002479527241,-1.0,1.0
37,303104,1685.306962558335,172,0.960546282245827,0.2781201892414861,-1.0,1.0,0.16349195295515476,0.560310949381731,6.2336874051593325,1.9878279602121782,1.0,16.0,1.0937654078006744,0.7170667499303818,-0.027146122884005308,0.017988002975471318,0.076180717600727,0.960546282245827,0.2781201892414861,-1.0,1.0
38,311296,1744.148447452407,176,0.9585185185185185,0.2850302609497183,-1.0,1.0,0.167179218203728,0.5685436673402718,6.051851851851852,1.9083384998222874,1.0,17.0,1.051253691315651,0.7170310616493225,-0.028899086406454444,0.0199921055464074,0.07970988622288157,0.9585185185185185,0.2850302609497183,-1.0,1.0
39,319488,1724.5042510909354,181,0.9717713479181369,0.23592466459733982,-1.0,1.0,0.17674474627544492,0.5917255404928398,5.782639378969654,1.6895738499517647,1.0,14.0,1.008655123412609,0.7511714026331902,-0.018702443107031286,0.014737997786141932,0.07505403651846271,0.9717713479181369,0.23592466459733982,-1.0,1.0
40,327680,1698.9017114092849,186,0.969187675070028,0.24632346719781653,-1.0,1.0,0.17483005695632853,0.5908534137340493,5.733193277310924,1.7367639985713423,1.0,19.0,0.978436253964901,0.755802795290947,-0.007060509960865602,0.013647563639096916,0.053656608427784566,0.969187675070028,0.24632346719781653,-1.0,1.0
41,335872,1739.7728762887507,191,0.9798251513113652,0.19985663075730156,-1.0,1.0,0.18575012561226414,0.6130100815364564,5.523873570948218,1.48358026940151,1.0,15.0,0.9473426192998886,0.7639938369393349,-0.012427637935616076,0.011278409976512194,0.0536217201436372,0.9798251513113652,0.19985663075730156,-1.0,1.0
42,344064,1711.895480710986,196,0.986468200270636,0.16395270615275734,-1.0,1.0,0.1868058925738222,0.6171770650693986,5.520974289580514,1.4647065307632412,1.0,13.0,0.9216233864426613,0.7706384360790253,-0.0031081957422429696,0.007999160356121138,0.04186292995308667,0.986468200270636,0.16395270615275734,-1.0,1.0
43,352256,1750.4913547433914,200,0.9772575250836121,0.2120559588114736,-1.0,1.0,0.18625828278002193,0.6125766769359998,5.493645484949833,1.5452353420365925,1.0,15.0,0.8947827816009521,0.7672469392418861,-0.0023991155794647057,0.011800644570030272,0.07556109744087752,0.9772575250836121,0.2120559588114736,-1.0,1.0
44,360448,1717.5674025619242,205,0.9740090968161144,0.22650889457029533,-1.0,1.0,0.19075466443887495,0.6218507665927181,5.3164392462638075,1.381887402112759,1.0,14.0,0.8686256781220436,0.7724376544356346,-0.009523726999759674,0.013487324409652501,0.06495189646752415,0.9740090968161144,0.22650889457029533,-1.0,1.0
45,368640,1682.465034134322,210,0.9871050934880722,0.16007352813599202,-1.0,1.0,0.19487509589056978,0.6327113583555903,5.281108961960026,1.3434744481747343,1.0,15.0,0.8422176390886307,0.775623008608818,-0.011226552887819707,0.007982010371051729,0.06536914701775019,0.9871050934880722,0.16007352813599202,-1.0,1.0
46,376832,1698.4057438186533,215,0.9845956354300385,0.17484688928350625,-1.0,1.0,0.19360587351601471,0.6309907068053853,5.261232349165597,1.3822361080747843,1.0,12.0,0.8230056613683701,0.7816208302974701,-0.011107899772468954,0.008136119315167889,0.06475653878855167,0.9845956354300385,0.17484688928350625,-1.0,1.0
47,385024,1750.1080515566607,220,0.9847425301970757,0.17401766927832799,-1.0,1.0,0.19809742121641452,0.6366679457276979,5.214876033057851,1.6544017267985742,1.0,20.0,0.7941071838140488,0.794341191649437,-0.004366967943497002,0.0089123033976648,0.06861292174643491,0.9847425301970757,0.17401766927832799,-1.0,1.0
48,393216,1665.637675188388,224,0.9811676082862524,0.19315828858693915,-1.0,1.0,0.19743500379093604,0.6371925718946642,5.137476459510358,1.273342664543962,1.0,11.0,0.771803967654705,0.8067787811160088,0.00838660285808146,0.010156046075280756,0.07640106720227774,0.9811676082862524,0.19315828858693915,-1.0,1.0
49,401408,1698.8634916202277,229,0.986469864698647,0.16394269133277373,-1.0,1.0,0.2042965456710844,0.6484133334288378,5.04120541205412,1.2230462335566894,2.0,12.0,0.7463870272040367,0.7978035807609558,0.008590586017817259,0.008396505902055651,0.040663784997245676,0.986469864698647,0.16394269133277373,-1.0,1.0
50,409600,1684.4182316817264,234,0.9739292364990689,0.22685202730489473,-1.0,1.0,0.19926030070350367,0.636356318179671,5.090626939788951,1.3302498019403226,1.0,14.0,0.7335806638002396,0.8028932884335518,0.012417379359249026,0.013637553667649627,0.044153043770224845,0.9739292364990689,0.22685202730489473,-1.0,1.0
51,417792,1684.8653302778,239,0.9876160990712074,0.15688990042501455,-1.0,1.0,0.20136495427517098,0.6459059237938701,5.068111455108359,1.1981688143586438,1.0,11.0,0.7104822620749474,0.8124444708228111,0.006597123196115717,0.00721220497507602,0.04610614008801111,0.9876160990712074,0.15688990042501455,-1.0,1.0
52,425984,1674.646644576694,244,0.980440097799511,0.19681771929093506,-1.0,1.0,0.20297490305130894,0.6459693450000398,5.004889975550122,1.2509069766286536,1.0,14.0,0.6870440542697906,0.8126849308609962,0.010551959916483611,0.010442995495395735,0.054247709682600995,0.980440097799511,0.19681771929093506,-1.0,1.0
53,434176,1651.0311656128529,249,0.9850839030453697,0.17207470459338434,-1.0,1.0,0.2019241091413248,0.6437902806915781,5.098819142324425,1.445355983636796,1.0,16.0,0.6498116105794907,0.8058633282780647,0.013868785346858203,0.008478240779368207,0.05642029790045279,0.9850839030453697,0.17207470459338434,-1.0,1.0
54,442368,1698.523453223341,254,0.994086339444116,0.10859258598356501,-1.0,1.0,0.21364925566581391,0.6671059719169019,4.842105263157895,1.1060935744432723,2.0,13.0,0.6006467342376709,0.8142073601484299,-0.0043133024737471715,0.005237896490143612,0.06381184279232772,0.994086339444116,0.10859258598356501,-1.0,1.0
55,450560,1684.8995352858701,259,0.987111892208553,0.16003159769386172,-1.0,1.0,0.21290419604670613,0.6649051155269354,4.80257762155829,1.4176204429427006,1.0,17.0,0.5675817877054214,0.8200982734560966,0.0010544118558755144,0.0075403535447549075,0.06723155048629732,0.987111892208553,0.16003159769386172,-1.0,1.0
56,458752,1678.4729789194694,264,0.9894055326662743,0.14517813860690618,-1.0,1.0,0.2123872873578583,0.66492171644842,4.815773984696881,1.2604681756796525,1.0,15.0,0.5556986033916473,0.8182164952158928,0.008261844195658341,0.006734042690368369,0.0685211958893972,0.9894055326662743,0.14517813860690618,-1.0,1.0
57,466944,1672.054087760539,268,0.9928014397120576,0.11977187193020607,-1.0,1.0,0.21549504422473306,0.6669734454811713,4.91001799640072,1.942870729189669,3.0,23.0,0.53767379373312,0.8226674050092697,0.014138484373688698,0.005315878719557077,0.03386579880485402,0.9928014397120576,0.11977187193020607,-1.0,1.0
58,475136,1659.083962745459,273,0.9851682829435254,0.17159095046681777,-1.0,1.0,0.21491071994494698,0.6693005824637764,4.685681688533942,0.9777357833560549,1.0,10.0,0.5306172147393227,0.8250309750437737,0.017891415918711573,0.00856480497168377,0.043774112362764406,0.9851682829435254,0.17159095046681777,-1.0,1.0
59,483328,1613.6077937662044,278,0.9886621315192744,0.15015721660900955,-1.0,1.0,0.2181099953208797,0.675186157851474,4.634920634920635,0.9376506345766774,1.0,9.0,0.5120364055037498,0.8321732357144356,0.01480170781724155,0.006432082795072347,0.03402349798283172,0.9886621315192744,0.15015721660900955,-1.0,1.0
60,491520,1683.7451819455862,283,0.9951100244498777,0.09877266443385893,-1.0,1.0,0.2136946160538964,0.6637676274677674,5.016503667481663,2.2770453339625307,2.0,25.0,0.5031278319656849,0.8294060081243515,0.030253598000854254,0.004390379064716399,0.030391945773885994,0.9951100244498777,0.09877266443385893,-1.0,1.0
61,499712,1695.1066234624968,288,0.9943977591036415,0.10570286982696475,-1.0,1.0,0.2231414648221371,0.684332539721334,4.584313725490196,0.9478150560989804,1.0,13.0,0.47526707500219345,0.8375846594572067,0.0018312957072339486,0.0042101519939024,0.05289015968212412,0.9943977591036415,0.10570286982696475,-1.0,1.0
62,507904,1750.3148842491041,293,0.9937655860349127,0.1114897305256699,-1.0,1.0,0.2122183447152275,0.6593359328606824,5.110349127182045,2.600530854650741,1.0,28.0,0.4583648405969143,0.8356068581342697,0.036832240875810385,0.004808021214557812,0.0353964571721418,0.9937655860349127,0.1114897305256699,-1.0,1.0
63,516096,1741.4816831579042,298,0.983273596176822,0.18213466188921867,-1.0,1.0,0.21513235370762251,0.662318772794338,4.895459976105138,2.1694503066688062,1.0,22.0,0.453175812959671,0.8328469023108482,0.03601756365969777,0.00880268815672025,0.0330985167119891,0.983273596176822,0.18213466188921867,-1.0,1.0
64,524288,1711.6036636966098,302,0.9879385964912281,0.15484614804037733,-1.0,1.0,0.22477166321738692,0.6859470312943312,4.489035087719298,0.9247393841474545,1.0,12.0,0.44093072414398193,0.8340977355837822,0.002505841781385243,0.0069324064534157515,0.03420822792454427,0.9879385964912281,0.15484614804037733,-1.0,1.0
65,532480,1680.2007164672953,307,0.9911949685534591,0.13241047660327784,-1.0,1.0,0.2176391988606487,0.671466250434821,5.138364779874214,5.083550964416128,1.0,57.0,0.4268321320414543,0.8303067609667778,0.033770623384043574,0.005421242734882981,0.041533605938757476,0.9911949685534591,0.13241047660327784,-1.0,1.0
66,540672,1811.2330921342177,312,0.9918433931484503,0.1274624786663462,-1.0,1.0,0.20479530179906333,0.632078548279127,6.304241435562806,6.313681636826739,1.0,40.0,0.392048604786396,0.8186652958393097,0.08066608710214496,0.006435075541958213,0.026995394365414142,0.9918433931484503,0.1274624786663462,-1.0,1.0
67,548864,1634.7459800452898,317,0.9916259595254711,0.12914316240199816,-1.0,1.0,0.19697951279303347,0.6189884291515859,6.04675505931612,4.483502161664892,2.0,49.0,0.41953275725245476,0.843386210501194,0.06517616147175431,0.0069949179305695,0.057929101615544536,0.9916259595254711,0.12914316240199816,-1.0,1.0
68,557056,1728.8026535612096,322,0.9928212491026561,0.11960755548978336,-1.0,1.0,0.20251610820920093,0.6286638042879577,5.87724335965542,3.9051945649932773,1.0,26.0,0.4169515408575535,0.8303197994828224,0.09316425584256649,0.006754749920219183,0.03535056382381884,0.9928212491026561,0.11960755548978336,-1.0,1.0
69,565248,1648.7228355369655,327,0.9924242424242424,0.12285814197141556,-1.0,1.0,0.22683896791039646,0.6914358397294372,4.438852813852814,0.7563191108149107,1.0,9.0,0.4120081476867199,0.8259581550955772,0.002697627409361303,0.005064147379016504,0.06728543362639251,0.9924242424242424,0.12285814197141556,-1.0,1.0
70,573440,1685.5024818918703,331,0.9926017262638718,0.12141586806501772,-1.0,1.0,0.21309278001438425,0.6597884619589495,5.048705302096177,2.1280164318244634,1.0,25.0,0.4027235247194767,0.83758844435215,0.04616387817077339,0.0061857825494371355,0.052857583388478166,0.9926017262638718,0.12141586806501772,-1.0,1.0
71,581632,1689.933182602212,336,0.9930715935334873,0.11751089360931687,-1.0,1.0,0.22238935576193994,0.6787095413337398,4.733256351039261,1.839200491870229,2.0,21.0,0.3941844329237938,0.8342412784695625,0.02577144419774413,0.004897177394013852,0.03810293979522898,0.9930715935334873,0.11751089360931687,-1.0,1.0
72,589824,1719.9931183732706,341,0.994572591587517,0.10404499057085921,-1.0,1.0,0.21266163539597435,0.6530754090854498,5.558344640434193,4.294254970734607,1.0,35.0,0.3846724107861519,0.8404651433229446,0.07134158350527287,0.005251268856227398,0.03266865210969798,0.994572591587517,0.10404499057085921,-1.0,1.0
73,598016,1685.9787798621942,346,0.9951308581862447,0.09856254402920105,-1.0,1.0,0.22245329198054445,0.675951240719426,4.987218502738893,3.304650220349234,1.0,29.0,0.37856588140130043,0.8407349139451981,0.040098136058077216,0.004008696167147718,0.028048569278882562,0.9951308581862447,0.09856254402920105,-1.0,1.0
74,606208,1635.5787726154047,351,0.9934640522875817,0.11414541958544432,-1.0,1.0,0.22818155881881375,0.6919777795088236,4.46078431372549,0.8813538279471901,2.0,11.0,0.3701527751982212,0.8428753465414047,0.005069402337539941,0.0043337020761100575,0.032791666552281926,0.9934640522875817,0.11414541958544432,-1.0,1.0
75,614400,1680.3509225421772,356,0.992108229988726,0.12538444875117918,-1.0,1.0,0.22650829309551707,0.6862020348895632,4.614430665163472,1.810695795642771,1.0,18.0,0.36136527359485626,0.8422219231724739,0.030340332770720124,0.004945786553435028,0.033870895596631034,0.992108229988726,0.12538444875117918,-1.0,1.0
76,622592,1760.3228591959485,361,0.9964601769911504,0.08406613866929498,-1.0,1.0,0.22090383068259176,0.6755095995041195,4.806489675516224,1.6779901964704462,2.0,14.0,0.35885949805378914,0.8377394378185272,0.029784387908875942,0.003594093315768987,0.03398766896164226,0.9964601769911504,0.08406613866929498,-1.0,1.0
77,630784,1744.0644313877747,365,0.9914015477214101,0.1308547713138215,-1.0,1.0,0.19745552099823496,0.6176688969840264,7.092003439380911,9.730202054106877,2.0,71.0,0.3557674139738083,0.8354272842407227,0.11478991154581308,0.007347357110120356,0.02727001334940957,0.9914015477214101,0.1308547713138215,-1.0,1.0
78,638976,1736.205004320586,370,0.9934047815333883,0.11466010651748529,-1.0,1.0,0.2008954288173907,0.6178708061462478,6.749381698268755,7.216006072668331,1.0,56.0,0.3630429282784462,0.8347868397831917,0.11647121701389551,0.006638811144512147,0.037700502928069854,0.9934047815333883,0.11466010651748529,-1.0,1.0
79,647168,1743.0219425610037,375,0.9977666108319375,0.06679663396421298,-1.0,1.0,0.22788279172282525,0.6905711141245157,4.571747627024009,1.4253292996590126,2.0,16.0,0.35894376412034035,0.8339600116014481,0.02413703576894477,0.0031933594145812094,0.03860636606048613,0.9977666108319375,0.06679663396421298,-1.0,1.0
80,655360,1632.149639050399,380,0.9972696245733789,0.07384643460094754,-1.0,1.0,0.21606836404432486,0.6625167558630661,5.144709897610921,2.586829532822285,4.0,23.0,0.3551117926836014,0.8429031744599342,0.07149384822696447,0.004171509324805811,0.0235746932221892,0.9972696245733789,0.07384643460094754,-1.0,1.0
81,663552,1847.9487165586502,384,0.9947183098591549,0.10264250596583388,-1.0,1.0,0.18778382745065758,0.5854522545387086,7.78169014084507,8.203392631378232,1.0,53.0,0.3526662215590477,0.8298718631267548,0.12182508409023285,0.006128933920990676,0.04565256264733129,0.9947183098591549,0.10264250596583388,-1.0,1.0
82,671744,1952.4077312980105,388,0.9901840490797545,0.1397696281315155,-1.0,1.0,0.17343878013655037,0.5457754510711009,10.040490797546012,13.081887624047132,2.0,64.0,0.35499219596385956,0.8456648215651512,0.17486334964632988,0.008997583470772952,0.09984229508511289,0.9901840490797545,0.1397696281315155,-1.0,1.0
83,679936,1690.2562365322053,393,1.0,0.0,1.0,1.0,0.22841966434437547,0.6904869411074559,4.7215843857634905,2.7140795069579564,4.0,33.0,0.34201162308454514,0.8619638904929161,0.04669145494699478,0.0016125293186632916,0.035739797335106904,1.0,0.0,1.0,1.0
84,688128,1834.7221225440314,398,0.9813084112149533,0.14859519188300405,-1.0,1.0,0.1995181255964779,0.6097499208383225,7.602803738317757,10.14558472121312,4.0,76.0,0.34313618019223213,0.8336011543869972,0.13859495427459478,0.008070941898040473,0.03586851352296923,0.9813084112149533,0.14859519188300405,-1.0,1.0
85,696320,1937.1636150093661,402,0.9644444444444444,0.21480970619723683,-1.0,1.0,0.1626071262785436,0.500355769526258,12.21037037037037,14.877879548605902,3.0,76.0,0.33437661454081535,0.8667139634490013,0.19943802151829004,0.01184598240070045,0.04346050432454021,0.9644444444444444,0.21480970619723683,-1.0,1.0
86,704512,1713.4153548916138,407,0.9885714285714285,0.15075321095169048,-1.0,1.0,0.22157231340088482,0.6761501832576368,4.684,1.5306864939814235,1.0,15.0,0.33718379214406013,0.8428176715970039,0.027719359379261732,0.006459999218350276,0.036553627374004055,0.9885714285714285,0.15075321095169048,-1.0,1.0
87,712704,1788.6504148805186,411,0.995850622406639,0.09100295518448677,-1.0,1.0,0.21038228791340824,0.6466317854852616,5.658367911479945,4.416994853142907,2.0,36.0,0.33520350605249405,0.8432834446430206,0.08476497419178486,0.004786517150932923,0.030027139025723137,0.995850622406639,0.09100295518448677,-1.0,1.0
88,720896,1809.3622448732415,416,0.9851694915254238,0.137287481689173,-1.0,1.0,0.22284666176895737,0.6744209079826906,5.567796610169491,7.707372815041776,1.0,76.0,0.33975156024098396,0.8237859606742859,0.09382960526272655,0.006443726131692529,0.04134420269715987,0.9851694915254238,0.137287481689173,-1.0,1.0
89,729088,1809.1110267157082,420,0.9954921111945906,0.0948443806945725,-1.0,1.0,0.21704231155123455,0.6546105132092109,6.382419233658903,8.692006423430922,2.0,69.0,0.334180798381567,0.8436598256230354,0.08099452778697014,0.004866750037763268,0.026306307404499463,0.9954921111945906,0.0948443806945725,-1.0,1.0
90,737280,1752.1011155655635,425,0.9799818016378526,0.15835712406047017,-1.0,1.0,0.19684435095301503,0.6153639392113727,7.235668789808917,9.881921701220069,1.0,76.0,0.32919203862547874,0.838332362473011,0.13178164325654507,0.009241974854376167,0.03276651236002778,0.9799818016378526,0.15835712406047017,-1.0,1.0
91,745472,1718.871535635815,430,0.9967689822294022,0.08032182807532183,-1.0,1.0,0.19044118970910856,0.5986633647593868,6.812600969305331,5.827662531883955,4.0,46.0,0.33443307876586914,0.852837510406971,0.16171258129179478,0.0059756042319349945,0.04275228272290636,0.9967689822294022,0.08032182807532183,-1.0,1.0
92,753664,1785.22027780442,435,0.9973666886109283,0.07252370956640111,-1.0,1.0,0.22011287587806955,0.6702524055951935,5.095457537853851,3.2672450920887877,1.0,32.0,0.3373214788734913,0.8401161953806877,0.07154754921793938,0.0038928876456338912,0.03926545794442025,0.9973666886109283,0.07252370956640111,-1.0,1.0
93,761856,1877.1225136063738,439,0.9778085991678225,0.14730560940196116,0.0,1.0,0.1590291399445174,0.5064590599188196,12.006934812760056,15.25370127776211,4.0,76.0,0.35752373188734055,0.8365399241447449,0.1849372461438179,0.009031989320646971,0.048413529352808106,0.9778085991678225,0.14730560940196116,0.0,1.0
94,770048,1708.636320703136,444,0.99644128113879,0.08428981695606415,-1.0,1.0,0.22441319909729832,0.6816577383507973,4.792408066429418,2.3399342519038178,4.0,27.0,0.3325471952557564,0.8379982337355614,0.04673497122712433,0.004295825579902157,0.04487544763743976,0.99644128113879,0.08428981695606415,-1.0,1.0
95,778240,1897.1968960827335,448,0.9911894273127754,0.13245195047024588,-1.0,1.0,0.18670708318516172,0.5721245159464579,9.075991189427313,11.435114624895716,3.0,68.0,0.34493889659643173,0.8586918637156487,0.16882404312491417,0.00860727031249553,0.06818218440885121,0.9911894273127754,0.13245195047024588,-1.0,1.0
96,786432,1810.5855121914565,453,0.992619926199262,0.12126698690151282,-1.0,1.0,0.18675982857592863,0.5845063631256556,7.611623616236162,7.743315981045878,1.0,52.0,0.3575912229716778,0.8311733677983284,0.1457019057124853,0.007469829928595573,0.054847453745044836,0.992619926199262,0.12126698690151282,-1.0,1.0
97,794624,1948.33528724045,457,0.9893992932862191,0.1452206543323994,-1.0,1.0,0.1327673236197777,0.4247190844165512,14.316254416961131,15.12856507990656,2.0,62.0,0.39006777107715607,0.8487658500671387,0.21747944317758083,0.008521482290234417,0.06229425664990923,0.9893992932862191,0.1452206543323994,-1.0,1.0
98,802816,1831.9292541495965,461,0.9083728278041074,0.3196701103995192,-1.0,1.0,0.17231305699505922,0.5332664198984478,13.06003159557662,19.61621177230711,4.0,76.0,0.38224685564637184,0.8461067974567413,0.17351066321134567,0.015601029619574547,0.03974464569997235,0.9083728278041074,0.3196701103995192,-1.0,1.0
99,811008,1709.8128162692615,466,0.9916608756080612,0.12887477560893543,-1.0,1.0,0.2157911060208891,0.6601796896907646,5.69909659485754,7.589022686809723,2.0,76.0,0.3426336273550987,0.8284383937716484,0.08165459660813212,0.006662984378635883,0.044675852603202976,0.9916608756080612,0.12887477560893543,-1.0,1.0
100,819200,1706.645406352087,471,0.9919786096256684,0.1264058465622761,-1.0,1.0,0.22366017649983108,0.6749955424559922,5.470588235294118,6.553803743189648,1.0,58.0,0.3330023027956486,0.8304129093885422,0.06706957891583443,0.005633147433400154,0.04187706911949235,0.9919786096256684,0.1264058465622761,-1.0,1.0
101,827392,1954.9876243675474,475,0.9741379310344828,0.18388559489397885,-1.0,1.0,0.19966196678366366,0.6152874191073384,8.776939655172415,14.970186841939062,1.0,76.0,0.3401154950261116,0.8207635879516602,0.1563260369002819,0.009591883630491793,0.035908101059963914,0.9741379310344828,0.18388559489397885,-1.0,1.0
102,835584,1959.372834423181,479,0.953307392996109,0.24510530347118478,-1.0,1.0,0.11867356205490455,0.40009275780776254,15.939688715953308,18.09245227919882,1.0,76.0,0.35364583879709244,0.8352929800748825,0.22984722070395947,0.011312697199173272,0.07563532560462176,0.953307392996109,0.24510530347118478,-1.0,1.0
103,843776,1773.5992765559413,484,0.9852289512555391,0.13231430237257719,-1.0,1.0,0.22121871651360997,0.670123201691492,6.015509601181684,9.099916173846351,4.0,76.0,0.3349926359951496,0.8551503568887711,0.07887221500277519,0.006661292281933129,0.0439126448279583,0.9852289512555391,0.13231430237257719,-1.0,1.0
104,851968,1811.0507493912035,489,0.9817123857024106,0.15685413295049555,-1.0,1.0,0.20976234713761321,0.6375238364647295,6.887780548628429,9.584720903156692,1.0,76.0,0.33544520661234856,0.839099146425724,0.13107957690954208,0.007445007038768381,0.035732175248655074,0.9817123857024106,0.15685413295049555,-1.0,1.0
105,860160,1711.6929378827583,493,0.9929078014184397,0.11888691215773196,-1.0,1.0,0.21942858665429268,0.6650085378976583,5.809929078014185,7.517783219405648,2.0,57.0,0.33421798795461655,0.8359665721654892,0.07823923137038946,0.005758757266448811,0.030979039813523776,0.9929078014184397,0.11888691215773196,-1.0,1.0
106,868352,1714.754178085764,498,0.9954128440366973,0.0956727230028175,-1.0,1.0,0.22704611801085425,0.6865313321134959,4.700114678899083,2.3767991708967244,1.0,27.0,0.32745053246617317,0.8453739136457443,0.0335129383020103,0.0031659218948334455,0.0330765818798201,0.9954128440366973,0.0956727230028175,-1.0,1.0
107,876544,1782.0603641758328,503,0.9983566146261298,0.05730680615994313,-1.0,1.0,0.2137610210239033,0.6540921709410658,5.89811010682005,7.1506483121817395,4.0,66.0,0.3299766704440117,0.8386393189430237,0.09503276739269495,0.0043032190296798944,0.036816183433881794,0.9983566146261298,0.05730680615994313,-1.0,1.0
108,884736,1836.4579207418064,507,0.9940405244338498,0.10339990652823038,-1.0,1.0,0.1843792871866727,0.5694763191295613,10.884386174016687,16.719938974391187,4.0,76.0,0.33781955763697624,0.8387068286538124,0.18632920179516077,0.007111416314728558,0.07111783656130016,0.9940405244338498,0.10339990652823038,-1.0,1.0
109,892928,1836.4331860327397,512,0.9974842767295597,0.07088806442065594,-1.0,1.0,0.18138922238674302,0.5619572220621392,10.39622641509434,15.063646466893527,4.0,76.0,0.4595309868454933,0.8430125415325165,0.19010041374713182,0.013968381856102496,0.4147143490041306,0.9974842767295597,0.07088806442065594,-1.0,1.0
110,901120,1951.5669405905217,516,0.7287234042553191,0.4679339697975973,-1.0,1.0,0.051508400562479496,0.15197966415324315,42.441489361702125,27.77745492368084,4.0,76.0,0.44530894607305527,0.7372743859887123,0.179961197078228,0.018516496871598065,0.5457936684178128,0.7287234042553191,0.4679339697975973,-1.0,1.0
111,909312,2066.5639773022667,520,0.02912621359223301,0.294160338010546,-1.0,1.0,0.000528231673320856,0.000297646020429093,72.81553398058253,11.248082963151218,18.0,76.0,0.4604458548128605,0.6809397414326668,0.214730529114604,0.016687090159393847,0.17905313595808647,0.02912621359223301,0.294160338010546,-1.0,1.0
112,917504,2024.4824225155269,524,0.0,0.2626128657194451,-1.0,1.0,-0.0010712533460030679,-0.004325476466503504,73.77586206896552,9.666049907204142,7.0,76.0,0.2560782004147768,0.6115506663918495,0.1529552135616541,0.013738942216150463,0.15689813995137772,0.0,0.2626128657194451,-1.0,1.0
113,925696,2060.1979536730146,528,-0.017391304347826087,0.3484776506002414,-1.0,1.0,-0.005591840548465011,-0.013052723627552285,71.33043478260869,14.427462785246048,2.0,76.0,0.3528938665986061,0.47554801404476166,0.12334202788770199,0.010469057073350996,0.18838319435096246,-0.017391304347826087,0.3484776506002414,-1.0,1.0
114,933888,1972.6744822910068,532,0.05084745762711865,0.42878341154825483,-1.0,1.0,0.0017374246233644393,0.0032277423193747177,69.69491525423729,14.773721789085263,14.0,76.0,0.47070248052477837,0.4130900353193283,0.10191374644637108,0.007054318266455084,0.08862458088536268,0.05084745762711865,0.42878341154825483,-1.0,1.0
115,942080,1945.4030793202248,536,0.01652892561983471,0.4632524448674882,-1.0,1.0,-0.008120757321813577,-0.01023452058346439,68.52066115702479,17.19076206540355,1.0,76.0,0.5645037367939949,0.2988162524998188,0.08499328047037125,0.0075993979698978364,0.08643296667813151,0.01652892561983471,0.4632524448674882,-1.0,1.0
116,950272,1934.65415783486,540,-0.11666666666666667,0.519347881696096,-1.0,1.0,-0.009854955095230293,-0.02195374558729553,67.53333333333333,17.21381873831474,2.0,76.0,0.6204757839441299,0.2459863293915987,0.07596963923424482,0.009305867948569357,0.09989407642414216,-0.11666666666666667,0.519347881696096,-1.0,1.0
117,958464,1935.0675354412626,545,-0.06349206349206349,0.5454869929345899,-1.0,1.0,-0.004987016995704202,-0.013556916920398895,64.54761904761905,20.947632037580274,4.0,76.0,0.6461186781525612,0.2229745350778103,0.06463748961687088,0.008509541279636323,0.07849811459151051,-0.06349206349206349,0.5454869929345899,-1.0,1.0
118,966656,1918.370500909558,549,-0.00847457627118644,0.47826952744143936,-1.0,1.0,-0.0007317294593374848,-0.0018572857692842866,69.3135593220339,15.343357836670172,10.0,76.0,0.6867289990186691,0.2063721939921379,0.05404720548540354,0.005630873434711248,0.059436604830124834,-0.00847457627118644,0.47826952744143936,-1.0,1.0
119,974848,2025.7865469769092,553,0.017857142857142856,0.37754240199760664,-1.0,1.0,0.001390466325926796,0.004451290410943455,71.57142857142857,13.271017216445154,11.0,76.0,0.7624447494745255,0.1711888425052166,0.045369293075054884,0.003830715751973912,0.08176898563224147,0.017857142857142856,0.37754240199760664,-1.0,1.0
120,983040,1938.1562335042527,557,0.046875,0.5709008095764097,-1.0,1.0,0.0017241757465889871,0.004265869074409441,65.5859375,18.95204777183969,11.0,76.0,0.8409118577837944,0.13126229867339134,0.03610147116705775,0.0069669236545450985,0.04525486086511014,0.046875,0.5709008095764097,-1.0,1.0
121,991232,2061.325646937822,561,0.038461538461538464,0.5602725456809274,-1.0,1.0,-0.0006010428842967183,-0.003981295068625571,63.246153846153845,20.946474474226164,4.0,76.0,0.8793194368481636,0.11773561406880617,0.032565159257501364,0.006671200040727854,0.028778229426177148,0.038461538461538464,0.5602725456809274,-1.0,1.0
122,999424,2008.9499734905455,565,0.09090909090909091,0.6210273191490665,-1.0,1.0,-0.006825168691051065,-0.013205274864553834,62.39393939393939,21.067984319081265,1.0,76.0,0.9072116687893867,0.1072323052212596,0.02803968475200236,0.00786061235703528,0.03766165933165938,0.09090909090909091,0.6210273191490665,-1.0,1.0
123,1007616,1954.5256668547067,570,0.2066115702479339,0.5129296082374513,-1.0,1.0,0.005267086409373502,0.005052307773513654,66.53719008264463,16.479910796875068,15.0,76.0,0.9358424916863441,0.10853956546634436,0.02360536507330835,0.004691247828304768,0.023954261189902393,0.2066115702479339,0.5129296082374513,-1.0,1.0
124,1015808,1980.6007080874376,574,0.16666666666666666,0.5795330757244024,-1.0,1.0,0.007665954354685709,0.017641443021314304,63.03030303030303,20.302238790541615,4.0,76.0,0.9451514780521393,0.1317733908072114,0.028358733281493187,0.006117594428360462,0.06824126020933166,0.16666666666666666,0.5795330757244024,-1.0,1.0
125,1024000,1934.5032983081976,578,0.19008264462809918,0.5031150828173363,-1.0,1.0,0.004849063759988091,0.00610744618852965,65.7107438016529,19.32173786159552,6.0,76.0,0.9425094723701477,0.18324599228799343,0.03797749523073435,0.006347043497953564,0.15423880296328243,0.19008264462809918,0.5031150828173363,-1.0,1.0
126,1032192,1965.8838945623672,582,0.09917355371900827,0.4528141332827347,-1.0,1.0,0.0013337441442009513,-0.0012953812149878621,68.62809917355372,16.969653142943656,5.0,76.0,0.9538692384958267,0.21973919309675694,0.051326659973710775,0.00624175404664129,0.11289624246873181,0.09917355371900827,0.4528141332827347,-1.0,1.0
127,1040384,1976.9686216557272,586,0.11666666666666667,0.5193478816960961,-1.0,1.0,0.002134436323140941,-0.0003286039130303658,68.20833333333333,15.740550516279777,17.0,76.0,0.9692772328853607,0.2574616689234972,0.05774848209694028,0.006561438960488886,0.09219075335603863,0.11666666666666667,0.5193478816960961,-1.0,1.0
128,1048576,1941.9808110940173,591,0.08264462809917356,0.4910231661987752,-1.0,1.0,0.00214887176549905,0.003049873361122583,67.96694214876032,16.544922011558537,20.0,76.0,0.9767448455095291,0.27386756241321564,0.0633061183616519,0.006103192514274269,0.05827121809187044,0.08264462809917356,0.4910231661987752,-1.0,1.0
129,1056768,2122.864522771355,594,0.08130081300813008,0.5035402460878706,-1.0,1.0,0.0007501906471295016,-0.002491298942276102,67.5609756097561,17.540729069339108,5.0,76.0,1.0086664110422134,0.2980599217116833,0.07020797487348318,0.006374950928147882,0.049043635184558405,0.08130081300813008,0.5035402460878706,-1.0,1.0
130,1064960,1922.7008157942905,599,0.0782608695652174,0.4200999071019535,-1.0,1.0,0.001651579673750487,0.0008607698000016862,69.06086956521739,16.2856495680262,13.0,76.0,1.0315627753734589,0.3200576454401016,0.07503488659858704,0.004835841071326286,0.05890754119093942,0.0782608695652174,0.4200999071019535,-1.0,1.0
131,1073152,1897.5124707722316,603,0.07758620689655173,0.4183477778810666,-1.0,1.0,0.001463019312046394,-0.0001920081948159275,70.85344827586206,12.49638175932981,15.0,76.0,1.036526769399643,0.33228203654289246,0.07847930304706097,0.005350221414119005,0.0658545779498364,0.07758620689655173,0.4183477778810666,-1.0,1.0
132,1081344,1913.6420867233999,607,0.144,0.5012624063302572,-1.0,1.0,0.001767120537851601,-0.00042084775087628863,66.432,18.911302863631583,3.0,76.0,1.054891586303711,0.3571486137807369,0.08171425480395555,0.006903633940964937,0.10589013133295361,0.144,0.5012624063302572,-1.0,1.0
133,1089536,1898.8650143173081,612,0.09322033898305085,0.4507486829482102,-1.0,1.0,0.002686715437391173,0.003286657993443566,70.78813559322033,12.437540014357065,23.0,76.0,1.0653031468391418,0.38156937062740326,0.09201117232441902,0.0062701397109776735,0.09863027836060598,0.09322033898305085,0.4507486829482102,-1.0,1.0
134,1097728,1952.582589615898,616,0.1487603305785124,0.47518864500710917,-1.0,1.0,0.005213632529287649,0.011520442296533165,66.2892561983471,19.484445169903875,10.0,76.0,1.0750946402549744,0.3627450242638588,0.09219864755868912,0.007661111711058766,0.06315670643449134,0.1487603305785124,0.47518864500710917,-1.0,1.0
135,1105920,1894.2468741794269,620,0.1746031746031746,0.5052009670742713,-1.0,1.0,0.006546946501125816,0.014883397973223718,66.44444444444444,18.2876294191107,8.0,76.0,1.0689069032669067,0.36734244227409363,0.09028555732220411,0.008121587859932333,0.07292948753455443,0.1746031746031746,0.5052009670742713,-1.0,1.0
136,1114112,1935.6641608375653,624,0.1282051282051282,0.4629607714171228,-1.0,1.0,-0.0007251381124130322,-0.005612563155723751,68.04273504273505,17.36505635646286,3.0,76.0,1.0474238097667694,0.36537638306617737,0.09152193926274776,0.007899722026195377,0.049626394347865435,0.1282051282051282,0.4629607714171228,-1.0,1.0
137,1122304,1960.8296956793108,629,0.04132231404958678,0.48781337399582503,-1.0,1.0,-0.0020706287257037255,-0.007686063845680406,67.78512396694215,17.691668960402435,4.0,76.0,1.0449053347110748,0.3765210695564747,0.09598360769450665,0.0096733866375871,0.06752440253884127,0.04132231404958678,0.48781337399582503,-1.0,1.0
138,1130496,1971.4190468414683,633,0.13043478260869565,0.38497293254223747,-1.0,1.0,0.004860389851742533,0.010298717799872827,70.15652173913044,15.579580451094825,13.0,76.0,1.0346479415893555,0.39772002026438713,0.09952069632709026,0.006528109835926443,0.06637399978307426,0.13043478260869565,0.38497293254223747,-1.0,1.0
139,1138688,2005.9795909288398,637,0.09917355371900827,0.37272635648858454,-1.0,1.0,0.00393147428985463,0.009845778788346152,70.64462809917356,15.224957492446858,10.0,76.0,1.0086845681071281,0.42599980905652046,0.106985735706985,0.007489051204174757,0.09808971685625885,0.09917355371900827,0.37272635648858454,-1.0,1.0
140,1146880,1967.7740959810315,641,0.13793103448275862,0.4334415548267771,-1.0,1.0,0.0034283029078706903,0.004416251819120872,68.42241379310344,17.746855409683807,7.0,76.0,0.9649124071002007,0.44159308075904846,0.1095246123149991,0.007287865853868425,0.04039323929797513,0.13793103448275862,0.4334415548267771,-1.0,1.0
141,1155072,1980.9458977993634,645,0.11764705882352941,0.4135615058609843,-1.0,1.0,0.0029686670811677877,0.0069097917542613315,69.4453781512605,17.060297158687355,4.0,76.0,0.9630255028605461,0.43066100031137466,0.10799566749483347,0.008012433419935405,0.06419941372370906,0.11764705882352941,0.4135615058609843,-1.0,1.0
142,1163264,1938.678082761421,649,0.14912280701754385,0.38003822846376256,-1.0,1.0,0.0037570474577403082,0.005862735114653957,71.69298245614036,12.101273815060159,12.0,76.0,0.8995027914643288,0.47006840258836746,0.11292771715670824,0.007379904214758426,0.10050807154548694,0.14912280701754385,0.38003822846376256,-1.0,1.0
143,1171456,1911.2723635031864,654,0.16806722689075632,0.43616602596171355,-1.0,1.0,0.005742830352857544,0.011629229378488355,67.6890756302521,18.158845287373058,7.0,76.0,0.8685608133673668,0.47116171941161156,0.11589962895959616,0.008452431997284293,0.05260590979351115,0.16806722689075632,0.43616602596171355,-1.0,1.0
144,1179648,1806.2900254128438,658,0.1935483870967742,0.46968450898583985,-1.0,1.0,0.0047827503468223205,0.00440025019335334,68.43548387096774,14.8047736065116,17.0,76.0,0.868964210152626,0.4407440908253193,0.10921104531735182,0.010231376742012799,0.12553908975165823,0.1935483870967742,0.46968450898583985,-1.0,1.0
145,1187840,1904.6265076029044,663,0.13043478260869565,0.3616805972710508,-1.0,1.0,0.0044859051019368185,0.009083645432531186,70.52173913043478,15.109080382965193,11.0,76.0,0.7696044594049454,0.5074667446315289,0.12276358623057604,0.009727191121783108,0.13756069535774332,0.13043478260869565,0.3616805972710508,-1.0,1.0
146,1196032,1932.9750083443162,667,0.225,0.4557502971291773,-1.0,1.0,0.007882155246599827,0.015015999383493007,67.86666666666666,16.684790146184707,6.0,76.0,0.7458801493048668,0.48647208511829376,0.11801576148718596,0.009334732894785702,0.07998131637761888,0.225,0.4557502971291773,-1.0,1.0
147,1204224,1967.2406347525437,671,0.1694915254237288,0.375185485104723,0.0,1.0,0.006054352504243907,0.011995485334790784,69.99152542372882,14.954448214557967,7.0,76.0,0.7588410079479218,0.4846592843532562,0.11576300766319036,0.011465832591056824,0.12073736710360328,0.1694915254237288,0.375185485104723,0.0,1.0
148,1212416,1891.1735992797194,675,0.15384615384615385,0.4259807109188756,-1.0,1.0,0.002260068652062344,-0.00035351907894329114,69.94871794871794,14.875463738427372,5.0,76.0,0.7796011343598366,0.4377813898026943,0.10874797403812408,0.011660355608910322,0.10646408612754679,0.15384615384615385,0.4259807109188756,-1.0,1.0
149,1220608,1937.8297285534447,680,0.2682926829268293,0.46105518304903503,-1.0,1.0,0.00617991314063382,0.004242973693293808,66.23577235772358,17.390344625454706,7.0,76.0,0.7668658494949341,0.42930489778518677,0.0993911987170577,0.012899823719635606,0.06942059000895603,0.2682926829268293,0.46105518304903503,-1.0,1.0
150,1228800,1824.6789046766355,684,0.30578512396694213,0.46073916908318524,0.0,1.0,0.0072592299955445945,0.006282337408853101,67.14876033057851,15.714214840392014,20.0,76.0,0.7677199989557266,0.4210628680884838,0.09827929828315973,0.01232734287623316,0.062287967189053925,0.30578512396694213,0.46073916908318524,0.0,1.0
151,1236992,1950.7111473828563,688,0.31746031746031744,0.4984228085113518,-1.0,1.0,0.0013012975303366631,0.006152787165502333,66.07936507936508,17.849726855143334,1.0,76.0,0.7567982003092766,0.44694526493549347,0.10019777808338404,0.01775871659629047,0.08937168341963965,0.31746031746031744,0.4984228085113518,-1.0,1.0
152,1245184,1981.8788428323503,692,0.3709677419354839,0.4994794376516781,-1.0,1.0,0.007414085306451097,0.006277121696224759,65.7741935483871,17.2714750428586,4.0,76.0,0.7716405764222145,0.4361077770590782,0.0987913366407156,0.013832221156917512,0.0475070408592569,0.3709677419354839,0.4994794376516781,-1.0,1.0
153,1253376,1857.3383731948788,697,0.39849624060150374,0.4895885893563821,0.0,1.0,0.013845455516955266,0.02893172085786125,61.81203007518797,21.090620933664244,7.0,76.0,0.9153665900230408,0.42504004016518593,0.09056811314076185,0.007991886930540204,0.1514573901472763,0.39849624060150374,0.4895885893563821,0.0,1.0
154,1261568,1840.3515231006581,701,0.5694444444444444,0.5089856167169082,-1.0,1.0,0.0183202393971343,0.033255876961703686,56.40277777777778,21.94036090697678,6.0,76.0,1.0541927963495255,0.38655421137809753,0.07606325950473547,0.009173839003778994,0.11190128783080752,0.5694444444444444,0.5089856167169082,-1.0,1.0
155,1269760,1802.3270846764995,706,0.7556818181818182,0.46767266003279345,-1.0,1.0,0.02433146877533973,0.04435148618374688,47.20454545454545,21.818548765853652,4.0,76.0,1.0958875864744186,0.4503781348466873,0.074983274564147,0.013509813696146011,0.10736170217470058,0.7556818181818182,0.46767266003279345,-1.0,1.0
156,1277952,1861.8012938967295,710,0.9770992366412213,0.14958715986462157,0.0,1.0,0.045161437173419174,0.11778875436805535,31.458015267175572,17.48009098356356,6.0,76.0,1.1006786823272705,0.5320719853043556,0.06258391914889216,0.012644759961403906,0.08016554212998428,0.9770992366412213,0.14958715986462157,0.0,1.0
157,1286144,1787.5529373058375,715,0.9570552147239264,0.2679092706858657,-1.0,1.0,0.053968964903141584,0.15539794285061712,25.73006134969325,14.683182379222574,4.0,76.0,1.1193774789571762,0.5402234271168709,0.05503205070272088,0.015980422613210976,0.0878180822317337,0.9570552147239264,0.2679092706858657,-1.0,1.0
158,1294336,1784.7771153263084,720,0.9906103286384976,0.13671567867193463,-1.0,1.0,0.07128223057216337,0.22927258022907726,19.178403755868544,11.126296022473257,4.0,73.0,1.1197229623794556,0.5740451440215111,0.03981119301170111,0.018041164381429553,0.09570270175129292,0.9906103286384976,0.13671567867193463,-1.0,1.0
159,1302528,1767.4898006162703,724,1.0,0.0,1.0,1.0,0.08055384511658228,0.2697831572968904,16.446640316205535,8.966236546256958,4.0,61.0,1.0661021918058395,0.6374290511012077,0.040868086740374565,0.018450313014909625,0.10080286289709679,1.0,0.0,1.0,1.0
160,1310720,1751.7743538383754,729,0.9942446043165467,0.10713387320279877,-1.0,1.0,0.10467233727784947,0.37052964999877064,11.752517985611512,6.058400802064312,4.0,48.0,1.0612013638019562,0.6171558871865273,0.006357556791044772,0.0161241841269657,0.08308716619709824,0.9942446043165467,0.10713387320279877,-1.0,1.0
161,1318912,1710.1384091848868,734,0.9892933618843683,0.1459405499904817,-1.0,1.0,0.13246786605170965,0.4662844651751422,8.82762312633833,4.07941079364125,1.0,31.0,1.0729135274887085,0.6717799231410027,-0.008630101452581584,0.018070249119773507,0.10344022487237366,0.9892933618843683,0.1459405499904817,-1.0,1.0
162,1327104,1754.3776225490096,738,0.9981060606060606,0.06151659760951407,-1.0,1.0,0.14673226759890334,0.5126151818891419,7.7727272727272725,3.1215063115253443,4.0,30.0,1.0365839898586273,0.7180463969707489,-0.007307712046895176,0.0114696059608832,0.06884370564272188,0.9981060606060606,0.06151659760951407,-1.0,1.0
163,1335296,1722.5610068977162,743,0.9948141745894555,0.10170918363599413,-1.0,1.0,0.1562100311024948,0.5405799745793608,7.082108902333621,2.506551425148299,4.0,19.0,1.000362403690815,0.7361094057559967,-0.002572064215200953,0.011359192663803697,0.18014484924893323,0.9948141745894555,0.10170918363599413,-1.0,1.0
164,1343488,1676.2784290399984,748,0.998422712933754,0.05614344394497694,-1.0,1.0,0.16852256098219487,0.5733738663229214,6.48186119873817,2.189482820609395,1.0,19.0,0.9532356858253479,0.7650034427642822,-0.004314603935199557,0.008309150638524443,0.08559212711397834,0.998422712933754,0.05614344394497694,-1.0,1.0
165,1351680,1784.7686789203708,753,1.0,0.0,1.0,1.0,0.1769769589193242,0.5932943670181615,6.13248502994012,1.9224388339125849,4.0,20.0,0.9035445302724838,0.7703837230801582,-0.0076617609011009336,0.006419861107133329,0.07285786505318834,1.0,0.0,1.0,1.0
166,1359872,1748.63070984311,757,0.9958333333333333,0.09119195261766368,-1.0,1.0,0.1860376486938987,0.6149314581615845,5.686111111111111,1.589925361242152,1.0,18.0,0.7865414842963219,0.7867825478315353,-0.011705919168889523,0.006086542678531259,0.05625234947173782,0.9958333333333333,0.09119195261766368,-1.0,1.0
167,1368064,1750.4103825597888,762,0.9936143039591315,0.11283002688916877,-1.0,1.0,0.19884625804166037,0.6407630034127982,5.233716475095785,1.324795405808354,1.0,13.0,0.6930542886257172,0.7886445075273514,-0.01727623352780938,0.006294023856753483,0.07134430395141632,0.9936143039591315,0.11283002688916877,-1.0,1.0
168,1376256,1657.802871842081,767,0.9950738916256158,0.09913601870688724,-1.0,1.0,0.20525067263059874,0.6533536566535099,5.054187192118227,1.1903841762752891,1.0,11.0,0.5979384928941727,0.806997112929821,-0.010844354052096605,0.004983743827324361,0.05938399581518894,0.9950738916256158,0.09913601870688724,-1.0,1.0
169,1384448,1708.36599902161,772,0.9954049396898335,0.09575492698069939,-1.0,1.0,0.21722623378281047,0.6758032349563471,4.704192992533027,0.9413164279613825,1.0,10.0,0.49666592478752136,0.8196718990802765,-0.017813891055993736,0.003710918754222803,0.038749882432613555,0.9954049396898335,0.09575492698069939,-1.0,1.0
170,1392640,1776.1874295218865,777,0.9967355821545157,0.08073524179129292,-1.0,1.0,0.22805974402818802,0.6941644550598476,4.452665941240479,0.7095577623498651,2.0,8.0,0.4174543097615242,0.8277335688471794,-0.015745798824355006,0.0029539041279349476,0.04552849585970099,0.9967355821545157,0.08073524179129292,-1.0,1.0
171,1400832,1747.5127185412002,781,0.9977949283351709,0.06637229081937117,-1.0,1.0,0.22682005915192244,0.6911237255606394,4.519294377067255,0.8881259758977345,2.0,10.0,0.3795372284948826,0.8344574049115181,-0.003789982234593481,0.0023006562842056155,0.03703082428615884,0.9977949283351709,0.06637229081937117,-1.0,1.0
172,1409024,1741.8870015711575,786,0.9967532467532467,0.08051686212751458,-1.0,1.0,0.22918470418470416,0.6958738621212123,4.428571428571429,0.7518272936851879,1.0,8.0,0.35277700796723366,0.8389348015189171,-0.0019821236201096326,0.0025259296380681917,0.03390795747291163,0.9967532467532467,0.08051686212751458,-1.0,1.0
173,1417216,1681.5403716154215,791,1.0,0.0,1.0,1.0,0.22839392434617464,0.6940777231284303,4.503293084522503,0.8688663777463607,4.0,9.0,0.3332269862294197,0.8462275117635727,0.005442699268314755,0.0010828259983099997,0.017803828753201155,1.0,0.0,1.0,1.0
174,1425408,1721.1735852343822,796,0.9964850615114236,0.08377065228691026,-1.0,1.0,0.21934442289812908,0.6744047438288724,4.803749267721148,1.5628328125342001,2.0,17.0,0.3324098512530327,0.850447528064251,0.03184025455266237,0.0030524989269906655,0.026392270481020448,0.9964850615114236,0.08377065228691026,-1.0,1.0
175,1433600,1711.8582092322172,800,0.9988045427375971,0.048882362941448584,-1.0,1.0,0.21963113814446397,0.6732527643596471,4.887627017334131,1.8837832936579841,2.0,18.0,0.32869258895516396,0.8388187438249588,0.030273878248408437,0.0021023073641117662,0.03534807870343447,0.9988045427375971,0.048882362941448584,-1.0,1.0
176,1441792,1746.556655532029,805,0.9988882712618121,0.047140444796251686,-1.0,1.0,0.2284022012204336,0.6916416882654547,4.551417454141189,1.184247611096112,3.0,13.0,0.31694137305021286,0.8392329961061478,0.015091358916833997,0.0017776234599296004,0.034844523633179414,0.9988882712618121,0.047140444796251686,-1.0,1.0
177,1449984,1736.5785547492903,810,0.996443390634262,0.08426487560837873,-1.0,1.0,0.22583373409395935,0.6811823635664208,4.870183758150563,2.8562237955911076,2.0,27.0,0.30237679183483124,0.8436159864068031,0.03971514548175037,0.0036953611415810883,0.030330046948181144,0.996443390634262,0.08426487560837873,-1.0,1.0
178,1458176,1671.5374013233268,815,0.9987515605493134,0.04995318108300263,-1.0,1.0,0.20992780107948647,0.6568634634771686,5.093008739076155,1.5898283298914306,2.0,13.0,0.3063106946647167,0.847916878759861,0.051474576350301504,0.0024511185474693775,0.04033607359054388,0.9987515605493134,0.04995318108300263,-1.0,1.0
179,1466368,1768.528819261258,819,0.9971949509116409,0.07484804524054044,-1.0,1.0,0.19500277133609234,0.6217701503733308,5.751753155680224,2.5411232920957803,1.0,21.0,0.3352511636912823,0.8408872708678246,0.07993961032480001,0.003958329820306972,0.0438425275334833,0.9971949509116409,0.07484804524054044,-1.0,1.0
180,1474560,1731.901534901862,824,1.0,0.0,1.0,1.0,0.22607519606958754,0.6888378346169665,4.598429613011778,1.1403169859000906,4.0,13.0,0.3143325299024582,0.8419150859117508,0.014417150523513556,0.0015644082595827058,0.03512027751973969,1.0,0.0,1.0,1.0
181,1482752,1813.7439855532818,829,1.0,0.0,1.0,1.0,0.1842240456431612,0.5906989911119032,6.652597402597403,4.35939347103676,4.0,33.0,0.3205808885395527,0.8376113027334213,0.10268321353942156,0.0037300509866327047,0.027302651173456153,1.0,0.0,1.0,1.0
182,1490944,1691.3441049539185,834,0.9986754966887417,0.05145145589286102,-1.0,1.0,0.20403564242968214,0.64119014705606,5.398013245033113,2.0654512262545657,2.0,14.0,0.46262042596936226,0.8418290019035339,0.05984495207667351,0.003370103280758485,0.0473022715617979,0.9986754966887417,0.05145145589286102,-1.0,1.0
183,1499136,1698.5073322836056,838,0.9988623435722411,0.04768667102419725,-1.0,1.0,0.22232210180162398,0.6825905756127877,4.676905574516496,1.215299315726887,1.0,18.0,0.41902367398142815,0.8478487655520439,0.019283184316009283,0.0019027849339181557,0.06438619123298159,0.9988623435722411,0.04768667102419725,-1.0,1.0
184,1507328,1758.6001174422165,843,0.9987812309567337,0.049356384476091614,-1.0,1.0,0.21622902363877625,0.6661704044504266,4.9939061547836685,1.8735041258714713,1.0,19.0,0.38714689388871193,0.8491799905896187,0.03366923681460321,0.0019175424677086994,0.03599649730022961,0.9987812309567337,0.049356384476091614,-1.0,1.0
185,1515520,1679.9071197900237,848,0.9987244897959183,0.05049151891043237,-1.0,1.0,0.2102806455166149,0.6533467404645483,5.213010204081633,2.0573497217164847,2.0,15.0,0.3609171658754349,0.8464315459132195,0.04662888636812568,0.002857757033780217,0.05054445222936034,0.9987244897959183,0.05049151891043237,-1.0,1.0
186,1523712,1731.8888770102049,853,0.9974811083123426,0.07093263395631598,-1.0,1.0,0.21149331721831993,0.6573233422234638,5.170654911838791,2.421663421547629,1.0,24.0,0.33633874729275703,0.841508038341999,0.045929770451039076,0.003240194928366691,0.0456720822060946,0.9974811083123426,0.07093263395631598,-1.0,1.0
187,1531904,1745.9790658768102,857,0.9977452085682075,0.06711556286871351,-1.0,1.0,0.2283054119635624,0.6896772147647535,4.604284103720405,1.6078666954979166,2.0,18.0,0.3173843137919903,0.8418189957737923,0.021198677830398083,0.0022635235072812065,0.03255590916486309,0.9977452085682075,0.06711556286871351,-1.0,1.0
188,1540096,1801.4857845121376,862,0.9985507246376811,0.05381868008007868,-1.0,1.0,0.19603338627037614,0.6214414236735075,5.918115942028986,3.357421705460393,1.0,24.0,0.364408977329731,0.8437887951731682,0.09458306292071939,0.0035151870688423514,0.04202773137597929,0.9985507246376811,0.05381868008007868,-1.0,1.0
189,1548288,1675.1259726749577,867,1.0,0.0,1.0,1.0,0.22512857460270763,0.6849722475560691,4.687322342239909,1.4682594585220565,4.0,14.0,0.35390178859233856,0.8430957719683647,0.01999523676931858,0.0014920739195076749,0.02888306488678228,1.0,0.0,1.0,1.0
190,1556480,1771.3681607449453,872,1.0,0.0,1.0,1.0,0.22167733783670854,0.6759632959379354,4.882528324388789,1.999978843046204,4.0,20.0,0.3432464450597763,0.8393254429101944,0.042485639452934265,0.0021179149043746293,0.035245628818973154,1.0,0.0,1.0,1.0
191,1564672,1756.5793173173251,876,1.0,0.0,1.0,1.0,0.21991370464399096,0.6734498968692294,5.049352251696484,3.3079691617728466,4.0,36.0,0.3373149000108242,0.8435712307691574,0.038283006055280566,0.0021094426920171827,0.05504236442203857,1.0,0.0,1.0,1.0
192,1572864,1690.251746516584,881,1.0,0.0,1.0,1.0,0.18767146088464784,0.5974404184927227,6.4241948153967,3.719857627596546,4.0,28.0,0.5489124953746796,0.8606048598885536,0.09639231208711863,0.0032632348011247814,0.049838316987025975,1.0,0.0,1.0,1.0
193,1581056,1636.0778272340085,886,0.9924098671726755,0.12297420680090816,-1.0,1.0,0.1583741182929222,0.5267228879267413,7.770398481973435,4.401616534235678,3.0,31.0,0.6456327736377716,0.8240972459316254,0.08088482078164816,0.00551416288362816,0.07217124247270229,0.9924098671726755,0.12297420680090816,-1.0,1.0
194,1589248,1655.2638401777601,891,0.9951377633711507,0.09849280132407454,-1.0,1.0,0.1754531259747846,0.5773386673020936,6.567260940032415,3.137440209995151,1.0,32.0,0.6048563420772552,0.7923762947320938,0.04453281732276082,0.005292108719004318,0.04632671891003531,0.9951377633711507,0.09849280132407454,-1.0,1.0
195,1597440,1729.3259356273147,896,0.9985315712187959,0.054172883247273755,-1.0,1.0,0.18721769181214534,0.6057492350291103,6.086637298091042,2.9019433458789443,1.0,27.0,0.5611653029918671,0.7831133455038071,0.020565997110679746,0.005498563637956977,0.042644891955839176,0.9985315712187959,0.054172883247273755,-1.0,1.0
196,1605632,1712.6788983243682,901,0.9986149584487535,0.05261335156017336,-1.0,1.0,0.19480378506092363,0.6246405680796545,5.677285318559557,2.1972683491944522,4.0,19.0,0.5252019837498665,0.7899688258767128,0.011073643865529448,0.006177905073855072,0.0950774550762345,0.9986149584487535,0.05261335156017336,-1.0,1.0
197,1613824,1702.8768662465775,905,0.9986282578875172,0.052360314633723766,-1.0,1.0,0.1955909909840556,0.6272110278384947,5.614540466392318,2.0785948981030633,4.0,20.0,0.5167465433478355,0.8123187273740768,0.0204173915553838,0.005261064157821238,0.07831022853795636,0.9986282578875172,0.052360314633723766,-1.0,1.0
198,1622016,1713.0470901584645,910,0.9961928934010152,0.08717636799794717,-1.0,1.0,0.20604328166193647,0.6493628811685649,5.199873096446701,1.7647205338454275,3.0,22.0,0.44350144639611244,0.805885873734951,0.008533203392289579,0.005193019780563191,0.04813124347681046,0.9961928934010152,0.08717636799794717,-1.0,1.0
199,1630208,1722.6813111068316,915,0.9962709757613425,0.08627944630989819,-1.0,1.0,0.20959698743844427,0.6563392779536139,5.09633312616532,1.8363886868595762,1.0,19.0,0.4425927847623825,0.8162244409322739,0.011339201242662966,0.005066724901553243,0.08572237646891968,0.9962709757613425,0.08627944630989819,-1.0,1.0
200,1638400,1752.1620507264975,920,0.9973562458691342,0.07266717846336948,-1.0,1.0,0.20447936941809958,0.6427858608439404,5.417052214144085,2.5168093257806543,1.0,25.0,0.45252174511551857,0.842256061732769,0.027200824581086636,0.0035684920439962298,0.048079870193286814,0.9973562458691342,0.07266717846336948,-1.0,1.0
201,1646592,1712.335526229233,924,0.9988269794721407,0.04842174179601242,-1.0,1.0,0.21976517535901702,0.6760596758772075,4.805865102639296,1.5485763680640539,2.0,16.0,0.3805769309401512,0.8496127054095268,0.0191048679407686,0.002331913899979554,0.054362496433120536,0.9988269794721407,0.04842174179601242,-1.0,1.0
202,1654784,1731.4650754132858,929,0.9986859395532195,0.05124835742444152,-1.0,1.0,0.21030435907847891,0.6517905130551273,5.374507227332457,3.0654844738489544,4.0,31.0,0.4002876468002796,0.8370049372315407,0.04100868059322238,0.002845138340489939,0.04935102690644674,0.9986859395532195,0.05124835742444152,-1.0,1.0
203,1662976,1757.2960494599752,934,1.0,0.0,1.0,1.0,0.2252001162997404,0.6865724321022532,4.70974025974026,2.2828061303226987,4.0,65.0,0.3159332945942879,0.8242960274219513,0.03565320651978254,0.002433380635920912,0.03707112794515007,1.0,0.0,1.0,1.0
204,1671168,1705.136244351259,939,0.9976004799040192,0.06923353591483387,-1.0,1.0,0.21863229835021913,0.668192779177619,5.481103779244151,6.325511081591673,2.0,68.0,0.3350141607224941,0.8354401141405106,0.029641553526744246,0.0028938714822288603,0.04079087327046694,0.9976004799040192,0.06923353591483387,-1.0,1.0
205,1679360,1747.0724424833288,943,1.0,0.0,1.0,1.0,0.2145867513340603,0.6627048165238376,5.063777089783282,1.8790734426686506,4.0,19.0,0.34343310073018074,0.8465012386441231,0.048468043794855475,0.002160674237529747,0.035697900228207124,1.0,0.0,1.0,1.0
206,1687552,1732.8328774357872,948,1.0,0.0,1.0,1.0,0.21586730969389986,0.6616314884533703,5.288015463917525,3.4295427665200116,4.0,33.0,0.333875585347414,0.8416877537965775,0.04674618924036622,0.0022148769930936396,0.03662063105319959,1.0,0.0,1.0,1.0
207,1695744,1737.1652224559132,953,1.0,0.0,1.0,1.0,0.21333741277303153,0.6586207025645776,5.207692307692308,2.5077709599117552,4.0,23.0,0.33833911269903183,0.8483569473028183,0.04986652871593833,0.0020921202085446566,0.03444241198471307,1.0,0.0,1.0,1.0
208,1703936,1726.5106149806286,958,0.9987365761212887,0.050251880736200474,-1.0,1.0,0.21584979833232146,0.6624306062222151,5.219835754895768,3.1496169043078277,1.0,31.0,0.3234880045056343,0.8353429660201073,0.05391376209445298,0.0028420655289664865,0.042406531998913484,0.9987365761212887,0.050251880736200474,-1.0,1.0
209,1712128,1849.6077826231362,962,0.9981701738334858,0.06046738020808163,-1.0,1.0,0.19756592046029411,0.6113235738925358,7.476669716376944,9.759723379128932,3.0,67.0,0.32430755347013474,0.8358989804983139,0.10491431783884764,0.004749583953525871,0.02657637340702196,0.9981701738334858,0.06046738020808163,-1.0,1.0
210,1720320,1648.7437215183472,967,1.0,0.0,1.0,1.0,0.2227854976361593,0.6806142281529302,4.75768115942029,1.5515697006650537,4.0,23.0,0.329871729016304,0.8453138768672943,0.029378858394920826,0.001618288253666833,0.034703633627493846,1.0,0.0,1.0,1.0
211,1728512,1712.6117152704521,972,0.9988038277511961,0.04889696994251124,-1.0,1.0,0.22187763189941667,0.6750943971669653,4.902511961722488,2.1528202057704826,3.0,19.0,0.30926229804754257,0.8522035330533981,0.03866530582308769,0.0022829747904324904,0.037803710910560874,0.9988038277511961,0.04889696994251124,-1.0,1.0
212,1736704,1754.5235555516974,977,0.9984639016897081,0.05540610997502745,-1.0,1.0,0.19755927250898075,0.6162326985239158,6.291858678955453,4.703260112421754,3.0,37.0,0.4979540631175041,0.8484960868954659,0.08207347150892019,0.0039925744058564305,0.03847391283713318,0.9984639016897081,0.05540610997502745,-1.0,1.0
213,1744896,1713.0481150319572,981,0.9972164231036882,0.0745614209379478,-1.0,1.0,0.19688094831430167,0.6264853600663762,5.692414752957551,2.598651665908451,3.0,23.0,0.48699823021888733,0.819596640765667,0.04326731571927667,0.0043535899894777685,0.09896715390912794,0.9972164231036882,0.0745614209379478,-1.0,1.0
214,1753088,1608.5607905078461,986,0.9986449864498645,0.05204028284463826,-1.0,1.0,0.20086430970942215,0.6354265599912537,5.555555555555555,2.567311243690825,2.0,23.0,0.4755529686808586,0.8131887465715408,0.03030259069055319,0.0038142330304253846,0.07653871375822861,0.9986449864498645,0.05204028284463826,-1.0,1.0
215,1761280,1735.5508667263573,991,0.9985775248933144,0.05331910331149732,-1.0,1.0,0.1961033286827206,0.622646531481717,5.821479374110953,2.9060920123810967,1.0,25.0,0.487257182598114,0.8240242674946785,0.03775793290697038,0.003979700093623251,0.07346212014567426,0.9985775248933144,0.05331910331149732,-1.0,1.0
216,1769472,1732.1925428341558,996,1.0,0.0,1.0,1.0,0.20851899053809766,0.651311697648628,5.3046571798188875,2.4441373830896063,4.0,23.0,0.43285734951496124,0.8396026268601418,0.029129464644938707,0.002553597732912749,0.0915265035155472,1.0,0.0,1.0,1.0
217,1777664,1719.2107385642469,1001,0.9975918121613486,0.06935831823679552,-1.0,1.0,0.21472606871197375,0.6666354866516955,4.925948223961469,1.5326845708452081,2.0,17.0,0.3850635811686516,0.8198138326406479,0.019183098105713725,0.0034802744048647583,0.0733253935672728,0.9975918121613486,0.06935831823679552,-1.0,1.0
218,1785856,1605.9085530938862,1006,1.0,0.0,1.0,1.0,0.21733485366005165,0.6700372541998352,4.951086956521739,1.9128092947901694,4.0,21.0,0.37143709138035774,0.8414119109511375,0.020526818465441465,0.002142839497537352,0.049789366673809274,1.0,0.0,1.0,1.0
219,1794048,1662.1748275831208,1011,1.0,0.0,1.0,1.0,0.22439652605943472,0.6868259673862024,4.617812852311161,1.04327910601521,4.0,14.0,0.32368724048137665,0.8342953696846962,0.005474153003888205,0.0015239202621160075,0.030387731948014366,1.0,0.0,1.0,1.0
220,1802240,1702.7364445710218,1016,0.9988221436984688,0.04852138969150996,-1.0,1.0,0.21926879150819079,0.67433239985704,4.830388692579505,1.5292884523440464,2.0,16.0,0.33510954305529594,0.8440507501363754,0.0281307608820498,0.002215685075498186,0.039002125507962324,0.9988221436984688,0.04852138969150996,-1.0,1.0
221,1810432,1758.1202321882542,1020,0.9988681380871534,0.04756514179841697,-1.0,1.0,0.22666149247218856,0.6886383920969253,4.604414261460102,1.3297530245348352,2.0,16.0,0.2905782461166382,0.8346872255206108,0.01180564274545759,0.002028426722972654,0.029915546888802488,0.9988681380871534,0.04756514179841697,-1.0,1.0
222,1818624,1741.6035855004618,1025,1.0,0.0,1.0,1.0,0.22627281250824513,0.6814346277989404,4.99136786188579,3.40249183960745,4.0,31.0,0.2595291994512081,0.8456074446439743,0.04520064685493708,0.0020417423802427948,0.0227525880482669,1.0,0.0,1.0,1.0
223,1826816,1824.1253869593472,1029,0.9834862385321101,0.13444671634291647,-1.0,1.0,0.19228330688398929,0.5980396709477427,8.188073394495413,11.865470873104227,1.0,76.0,0.3108743093907833,0.8392915725708008,0.1685933331027627,0.006296239153016359,0.04045294003722087,0.9834862385321101,0.13444671634291647,-1.0,1.0
224,1835008,1777.801218165293,1034,1.0,0.0,1.0,1.0,0.22075906430085274,0.6775364684463822,4.785505552308591,1.3888342701215182,4.0,12.0,0.33385566994547844,0.8356514349579811,0.022817251039668918,0.0017377486074110493,0.03839129536977864,1.0,0.0,1.0,1.0
225,1843200,1670.9358706853077,1039,0.9975031210986267,0.0706224001185066,-1.0,1.0,0.2169458187223128,0.6643482851521624,5.111735330836455,2.6330985738741344,2.0,25.0,0.3226725719869137,0.8426495417952538,0.03840278252027929,0.003068630408961326,0.03385042678965107,0.9975031210986267,0.0706224001185066,-1.0,1.0
226,1851392,1750.7227196369963,1044,1.0,0.0,1.0,1.0,0.22103802130439215,0.672558039832607,4.998778998778999,2.4816785988290624,4.0,23.0,0.3045973442494869,0.838283360004425,0.04195605148561299,0.0021147316292626783,0.034476722670841994,1.0,0.0,1.0,1.0
227,1859584,1738.3346469428602,1048,0.998681608437706,0.051332689080901196,-1.0,1.0,0.2170556156751349,0.6633295999151891,5.338167435728411,4.209221764319431,2.0,42.0,0.3219842277467251,0.8458281680941582,0.051680787932127714,0.002683867947780527,0.03887898866223397,0.998681608437706,0.051332689080901196,-1.0,1.0
228,1867776,1717.535378349032,1053,1.0,0.0,1.0,1.0,0.21808675385127557,0.6612456033760332,5.5056403450564035,4.4167971335673695,4.0,35.0,0.3129354380071163,0.8483604565262794,0.0666525550186634,0.002306692855199799,0.03642981806916218,1.0,0.0,1.0,1.0
229,1875968,1826.599832308778,1058,0.9829867674858223,0.13643365274681385,-1.0,1.0,0.2061613054410167,0.6264774508694202,7.739130434782608,11.610405345522377,2.0,76.0,0.2734408751130104,0.8367022722959518,0.14966990146785975,0.007087639649398625,0.04996513308927214,0.9829867674858223,0.13643365274681385,-1.0,1.0
230,1884160,1666.674510250563,1063,0.9977515458122541,0.06702128638915743,-1.0,1.0,0.2289032830004336,0.6911594131336463,4.598650927487353,1.7804504489422965,1.0,23.0,0.2647172659635544,0.8384696617722511,0.02142860123421997,0.002462055315845646,0.04352000923047245,0.9977515458122541,0.06702128638915743,-1.0,1.0
231,1892352,1684.9082933131874,1068,0.997828447339848,0.06586645336852597,-1.0,1.0,0.23546935792321244,0.7028133302635406,4.452225841476656,2.066260669997594,2.0,27.0,0.23645525611937046,0.8359840735793114,2.8658658266067505e-05,0.0020185973116895184,0.025792640710718125,0.997828447339848,0.06586645336852597,-1.0,1.0
232,1900544,1822.671606448466,1072,1.0,0.0,1.0,1.0,0.21775993274523614,0.6568037908847245,5.88433908045977,6.6892422315349656,4.0,62.0,0.24853047914803028,0.8457065597176552,0.08110887929797173,0.0025042231718543917,0.0262772055609828,1.0,0.0,1.0,1.0
233,1908736,1980.7310964121862,1076,1.0,0.0,1.0,1.0,0.23221185560471277,0.696844705364209,4.501098901098901,1.2629543687209446,4.0,12.0,0.23381868936121464,0.849065326154232,0.016108591808006167,0.0009779533647815697,0.01597422315925498,1.0,0.0,1.0,1.0
234,1916928,2305.533750426084,1080,0.9825072886297376,0.13831251214505108,-1.0,1.0,0.21590140817177775,0.6473433523318753,7.927113702623907,13.590696437907212,4.0,76.0,0.20722205378115177,0.8358668088912964,0.11738552339375019,0.0063817843329161406,0.02162075530213442,0.9825072886297376,0.13831251214505108,-1.0,1.0
235,1925120,2481.8463667616124,1083,0.9836065573770492,0.1269830605313907,0.0,1.0,0.19038233601972795,0.5845625148498161,8.381147540983607,10.942857030713009,4.0,76.0,0.27657582238316536,0.8332266509532928,0.1474772496148944,0.005893009074497968,0.036191939268870564,0.9836065573770492,0.1269830605313907,0.0,1.0
236,1933312,2248.6045174520787,1087,0.9985693848354793,0.05347133502440845,-1.0,1.0,0.2162464651466797,0.6619282369512198,5.122317596566524,2.289505149066423,2.0,16.0,0.2980218008160591,0.8386761471629143,0.06820326531305909,0.0031281395349651575,0.03621295908165777,0.9985693848354793,0.05347133502440845,-1.0,1.0
237,1941504,2525.879684583151,1090,0.9618593563766389,0.1915357275480397,0.0,1.0,0.18366221479080538,0.5673021967511273,11.01549463647199,17.197610450532217,4.0,76.0,0.3799801506102085,0.8122759163379669,0.17363468278199434,0.009610934765078127,0.062485443639603844,0.9618593563766389,0.1915357275480397,0.0,1.0
238,1949696,2358.5985622323988,1094,0.9985369422092173,0.05407379257520507,-1.0,1.0,0.19100168922170166,0.6107931477785036,6.004389173372348,2.8034848291442502,3.0,20.0,0.48728474602103233,0.796222448348999,0.048560061026364565,0.005545841529965401,0.09448113145418625,0.9985369422092173,0.05407379257520507,-1.0,1.0
239,1957888,2362.2251180554367,1097,0.9986859395532195,0.05124835742444152,-1.0,1.0,0.2035535727359566,0.6418104320275883,5.392247043363994,2.119434586526521,2.0,18.0,0.4371187873184681,0.7963395565748215,0.02376985247246921,0.005990229896269739,0.11354425947598251,0.9986859395532195,0.05124835742444152,-1.0,1.0
240,1966080,2329.7231865024737,1101,0.9987827145465612,0.04932635323032212,-1.0,1.0,0.21305520063700467,0.6639294875607558,4.983566646378576,1.5225143976209248,4.0,19.0,0.3872734010219574,0.8261680081486702,0.012914166669361293,0.0037166409310884774,0.08559245765156272,0.9987827145465612,0.04932635323032212,-1.0,1.0
241,1974272,2360.89919666976,1104,1.0,0.0,1.0,1.0,0.2200702067611689,0.6774598356229901,4.777259475218659,1.3157297124078502,4.0,14.0,0.3465917408466339,0.8342854753136635,0.015642757760360837,0.0019083898660028353,0.04801062326606237,1.0,0.0,1.0,1.0
242,1982464,2350.3467792069064,1108,1.0,0.0,1.0,1.0,0.2141748214202038,0.6600220910896034,5.163303909205548,2.2766848710826775,4.0,17.0,0.3635638915002346,0.8387888446450233,0.03870302019640803,0.0024487985065206885,0.053301411367553786,1.0,0.0,1.0,1.0
243,1990656,2272.8685736814236,1111,0.9976090854751942,0.06910942466369221,-1.0,1.0,0.22025357636945503,0.6735900480934215,4.888224745965331,2.0565958251980545,2.0,24.0,0.32656779140233994,0.8326622918248177,0.024486759677529335,0.0031380481959786266,0.04246049094181667,0.9976090854751942,0.06910942466369221,-1.0,1.0
244,1998848,2420.4069166119793,1115,1.0,0.0,1.0,1.0,0.2270359165777131,0.6886303608145827,4.639186900056465,1.5477420994835929,4.0,19.0,0.29588769003748894,0.8407370820641518,0.014122859167400748,0.0014395469625014812,0.04230396579368677,1.0,0.0,1.0,1.0
245,2007040,2298.929047390415,1118,1.0,0.0,1.0,1.0,0.2245775596839427,0.6833294106756088,4.7130534790109255,1.4805260099911044,4.0,18.0,0.2887095957994461,0.8474697098135948,0.023782054311595857,0.0014480448444373906,0.04777204808403425,1.0,0.0,1.0,1.0
